{
  "environment":"e2e",
  "region":"us-east-1",
  "dbPolicy": "Retain",
  "vpcSubnetIds": [
    "subnet-02484cfb7609fb1a7",
    "subnet-004c3a19384cd6384",
    "subnet-0bb0bc1d95617ca1c"
  ],
  "vpcSecurityGroupIds": [
    "sg-0eba47723db9acab8"
  ],
  "woInputKinesisStreamName": "cp-workorder-backlog-e2e",
  "jobSubmissionStreamName": "cp-job-submission-e2e",
  "cpBucket": "cp-workfolder-e2e",
  "GetOrCreateLambdaName": "cp-e2e-GetOrCreateKinesisStream",
  "globalStatusEventKinesisStreamName": "cp-status-e2e",
  "materialServiceKinesisStreamName": "cp-material-e2e",
  "validationKinesisStreamName": "cp-validation-e2e"
}
