{
  "environment":"prod",
  "region":"us-east-1",
  "dbPolicy": "Retain",
  "vpcSubnetIds": [
    "subnet-04b3965d24bdf1e9b",
    "subnet-0d057d543eedc7f39",
    "subnet-08f38b7a7675e26de"
  ],
  "vpcSecurityGroupIds": [
    "sg-0d86869960332c503"
  ],
  "woInputKinesisStreamName": "cp-workorder-backlog-prod",
  "jobSubmissionStreamName": "cp-job-submission-prod",
  "cpBucket": "cp-workfolder-prod",
  "GetOrCreateLambdaName": "cp-prod-GetOrCreateKinesisStream",
  "globalStatusEventKinesisStreamName": "cp-status-prod",
  "materialServiceKinesisStreamName": "cp-material-prod",
  "validationKinesisStreamName": "cp-validation-prod"
}
