{
  "environment":"stage",
  "region":"us-east-1",
  "dbPolicy": "Retain",
  "vpcSubnetIds": [
    "subnet-02484cfb7609fb1a7",
    "subnet-004c3a19384cd6384",
    "subnet-0bb0bc1d95617ca1c"
  ],
  "vpcSecurityGroupIds": [
    "sg-0eba47723db9acab8"
  ],
  "woInputKinesisStreamName": "cp-workorder-backlog-stage",
  "jobSubmissionStreamName": "cp-job-submission-stage",
  "cpBucket": "cp-workfolder-stage",
  "GetOrCreateLambdaName": "cp-stage-GetOrCreateKinesisStream",
  "globalStatusEventKinesisStreamName": "cp-status-stage",
  "materialServiceKinesisStreamName": "cp-material-stage",
  "validationKinesisStreamName": "cp-validation-stage"
}
